{"neuralNet": {"1": {"weights": [[0.1961003191497276, 0.4619558508985999, 0.265360748965074, 0.3824929839471066, -0.12238904465472614, 0.2778966559924133, -0.5448390479458209, -0.09746524346835704, -0.5669814183264241, 0.07165272091361191], [-0.389290165806198, -0.514047169176277, -0.1414494350701065, -0.38696650392190696, -0.5385530142663396, -0.0574427868273643, -0.6117919152359385, -0.17932317595657976, -0.1988596600699888, -0.32152874627461897], [0.13055597475777223, -0.23358766458589592, -0.2094830201282615, 0.42847912710656566, -0.2690602473110949, -0.012917529000433553, -0.31924659240727665, -0.4196974472801633, 0.16468522500096544, -0.3353146990934465], [-0.030835680121177808, -0.10393415727871223, -0.1706818746942082, 0.20292421172178257, 0.21922489021814587, -0.34390677782933027, -0.3722355676671924, -0.2796984745399982, -0.61702768677455, 0.05101875716716288], [-0.5011613235704333, 0.4820985412976081, 0.6427451164521926, 0.0005160221609169045, 0.2816265509844813, -0.20450679689695514, 0.3354252979677052, -0.31631469382667204, 0.31970855127571374, -0.0800843015890416], [0.03467759332538275, -0.2778149000836188, 0.4407311384755041, -0.3786618585544232, 0.5781976143341059, 0.11078312707456302, -0.1036664436200887, 0.29136180335174555, -0.0021422288156920863, 0.0704386164925101], [-0.1233944005307645, -0.4947974913852034, 0.7418265409299898, -0.25126808258747146, 0.4034377662850584, -0.018718646375217696, 0.12542901407410142, 0.20776088354655559, -0.11523201058976609, 0.15036388264328376], [-0.07630214375090043, 0.19527328531525323, -0.6983603886395893, -0.16460779114727575, 0.38758821618049394, -0.3915188104583905, -0.07110608869254696, -0.33378286779876154, -0.08600719402928642, -0.2463467281214522], [0.5194828470693849, -0.5603946447968102, -0.14416953453004142, 0.2824568021519918, -0.08341493993735723, -0.13233340287958723, 0.4952372640899452, -0.18979787597326528, 0.45559497926241815, -0.1682518243780958], [-0.34680750477220246, -0.48489346956695845, 0.04361616813611608, 0.6062663433199598, 0.4948494464674228, 0.34768495059315363, -0.38698025161648325, 0.5604432853528191, -0.3440544330068781, 0.19674602227600152]], "output": [[0.1032362994408868], [-0.3491982589179094], [-0.33640396454697813], [0.004394859988225724], [-0.06924384533847915], [0.10347454582091223], [0.1175883734446998], [-0.2515571322035349], [-0.2036358509350375], [0.2065234831330232]]}, "2": {"weights": [[0.16428264630793624, 0.1488400103464584, -0.18329909437532776, -0.14281988912545981, -0.047689324261586244, 0.05463461768965346, 0.0368665441141254, 0.1780025371082633, 0.05480566978746186, 0.016824936788044448], [-0.3189189456040357, -0.6912073998360744, 0.0016177318820325979, -0.4673149582607283, -0.11144813363468103, -0.12289363916258525, 0.1580322728107111, -0.052415878323942476, 0.6568870992221624, -0.43552953636509867], [0.40456489561821063, -0.446098747019584, -0.19222725146912387, -0.2291367559064331, 0.21640969422075124, -0.047513238161333224, -0.4943306563784813, 0.18287635762034993, -0.5006268241149665, -0.31395034936838684], [0.42059711524338317, 0.05682251964552171, 0.18685956974133489, -0.08875671766930267, 0.4639177972016042, 0.2023949825077902, 0.5175649052800886, -0.5742382387671556, 0.020796717185739617, -0.16834731607015116], [0.15044436298359185, -0.3817993369840284, 0.45225275567541984, 0.4078120600136096, 0.31472278894847133, -0.45358932036014493, -0.17649937570758378, -0.35014964714824454, 0.32782220738265144, 0.5296155321447369], [-0.15533865783221196, -0.23953161789889804, 0.257414128380781, 0.02021590164851622, -0.04750600111018754, 0.14864525830587186, 0.02165071006210322, 0.12431552555823949, -0.15403432526764166, 0.031548622382098206], [-0.0005043503776370833, 0.011415736598144847, 0.12088307351108947, -0.31446078128947363, -0.04172184625393749, 0.15728993684473028, -0.22802317618464457, -0.12434889163640298, -0.17353161799638853, 0.18038504118272358], [-0.1518507310761104, -0.40587233899905617, 0.426419054939898, -0.014316976438568763, -0.2654115197495126, 0.30829076332222755, 0.10899933063980112, 0.1078718882330102, -0.3189506319068241, -0.12624146017826962], [-0.08404145695148849, -0.07650703817991569, -0.22439921255544615, -0.44348667130848396, -0.3360419593149791, 0.17374571875469244, -0.21392768001925755, -0.050840326230115404, -0.20482421669488957, 0.2793784511431612], [0.03196624517312943, -0.07095087088450507, -0.3518338706746753, 0.08766023212990948, 0.15432402365681544, 0.3269529319794092, -0.1108625192349297, 0.23020599191925872, 0.17268755055842194, 0.27730382588492636]], "output": [[-0.015060132667296914], [0.010194338788407793], [0.19556486648790095], [0.13102320469085624], [0.04544756437457163], [0.010222792452221291], [0.05731573444199988], [0.06555881450927177], [0.2439292266868371], [0.137328619730202]]}}}